id,proper,x,y,z,mag,spect,dist,ra,dec
0,Sol,5e-06,0.0,0.0,-26.74,G2V,0.0,0,0
1,Sirius,-0.493967,2.476563,-0.758408,-1.46,A1V,2.637,6.752,-16.716
2,Canopus,-6.006076,57.288263,-75.602798,-0.74,A9II,95.046,6.399,-52.696
3,Arcturus,-8.819426,-5.929761,3.697153,-0.05,K0III,11.252,14.261,19.182
4,Alpha Centauri A,-0.500805,-0.418961,-1.169981,-0.01,G2V,1.34,14.661,-60.835
5,Vega,0.957875,-5.897791,4.801161,0.03,A0V,7.665,18.615,38.783
6,Capella,1.688844,8.828117,9.306909,0.08,G5III,12.939,5.278,45.998
7,Rigel,51.450609,255.857926,-37.617059,0.13,B8Ia,263.677,5.242,-8.202
8,Procyon,-1.469069,3.175716,0.319978,0.34,F5IV,3.514,7.655,5.225
9,Achernar,20.997394,9.540311,-35.837781,0.46,B6V,42.618,1.629,-57.237
10,Betelgeuse,4.138953,195.151426,25.375695,0.5,M1I,196.838,5.919,7.407
11,Hadar,-50.697891,-30.396168,-103.941482,0.61,B1III,119.574,14.063,-60.373
12,Altair,2.355091,-4.487691,0.790746,0.77,A7V,5.129,19.846,8.868
13,Aldebaran,6.883808,17.918909,5.689299,0.85,K5III,20.021,4.599,16.509
14,Spica,-70.063716,-27.316701,-14.836928,0.97,B1V,76.65,13.42,-11.161
15,Antares,-58.151175,-139.356327,-75.063422,1.06,M1I,168.631,16.49,-26.432
16,Pollux,-4.054339,8.194327,4.866458,1.14,K0III,10.357,7.755,28.026
17,Fomalhaut,6.451633,-1.799508,-3.808336,1.16,A3V,7.705,22.961,-29.622
18,Deneb,365.264227,-429.943623,569.694842,1.25,A2Ia,801.762,20.69,45.28
19,Mimosa,-42.41762,-8.830601,-74.112706,1.3,B0.5III,85.848,12.784,-59.689
20,Regulus,-21.017504,11.135241,5.041354,1.35,B8IV,24.313,10.139,11.967
21,Adhara,-29.180736,111.587336,-63.860181,1.5,B2II,131.838,6.977,-28.972
22,Castor,-5.323848,12.162655,8.260225,1.57,A1V,15.637,7.576,31.888
23,Shaula,-16.019993,-138.45675,-105.427909,1.62,B1.5IV,174.763,17.56,-37.104
24,Bellatrix,11.542761,75.300432,8.477645,1.64,B2III,76.65,5.419,6.35
25,Elnath,5.169336,34.880292,19.231453,1.65,B7III,40.165,5.438,28.608
26,Miaplacidus,-8.808606,7.848181,-31.922405,1.68,A1IV,34.033,9.22,-69.717
27,Alnilam,63.604075,609.758763,-12.863334,1.69,B0Ia,613.202,5.603,-1.202
28,Alnitak,21.091137,250.381524,-8.524214,1.77,O9I,251.413,5.679,-1.943
29,Alioth,-13.517641,-3.245299,20.579183,1.77,A0pCr,24.835,12.9,55.96
30,Kaus Australis,3.730446,-35.226662,-24.24145,1.85,B9.5III,42.924,18.403,-34.385
31,Mirfak,73.268021,90.721026,138.2908,1.79,F5Ib,180.895,3.405,49.861
32,Dubhe,-17.313729,4.339272,33.220395,1.79,K0III,37.712,11.062,61.751
33,Wezen,-145.360891,472.502962,-245.325668,1.84,F8Ia,551.882,7.14,-26.393
34,Alkaid,-18.006804,-9.127471,23.4815,1.86,B3V,30.967,13.792,49.313
35,Sargas,-5.997551,-60.247302,-56.455259,1.87,F1II,82.782,17.621,-42.998
36,Avior,-57.088214,79.666511,-166.446506,1.86,K3III,193.159,8.375,-59.509
37,Menkalinan,0.036813,17.576969,17.54452,1.9,A1IV,24.835,5.992,44.947
38,Atria,-13.948628,-43.353884,-118.809702,1.92,K2IIb,127.239,16.811,-69.027
39,Alhena,-5.247265,31.627641,9.435153,1.93,A1.5IV,33.42,6.628,16.399
40,Peacock,18.271652,-24.764963,-46.914274,1.94,B2.5V,56.108,20.428,-56.735
41,Polaris,1.344723,1.048724,132.74728,1.98,F7I,132.758,2.53,89.264
42,Mirzam,-14.408191,145.120275,-47.260481,1.98,B1II,153.3,6.378,-17.956
43,Alphard,-42.218922,33.103863,-8.17029,1.98,K3II,54.268,9.46,-8.659
44,Hamal,17.930496,11.110881,9.155277,2.0,K2III,22.995,2.119,23.462
45,Algieba,-32.932295,15.36008,13.112671,2.08,K1III,38.632,10.333,19.842
46,Diphda,27.576935,5.305489,-9.117564,2.04,K0III,29.526,0.726,-17.987
47,Nunki,14.964951,-60.857585,-30.969623,2.02,B2.5V,69.905,18.921,-26.297
48,Menkent,-12.355318,-7.620377,-10.690639,2.06,K0III,18.028,14.111,-36.37
49,Alpheratz,25.971063,0.952316,14.459677,2.06,B8IV,29.74,0.14,29.091
50,Mirach,47.31986,14.856359,35.535598,2.06,M0III,61.014,1.162,35.621
51,Ankaa,17.34509,1.997693,-15.890494,2.39,K0III,23.608,0.438,-42.306
52,Scheat,51.432007,-12.875893,28.288237,2.42,M2.5II,60.094,23.063,28.082
53,Alderamin,5.270511,-4.480008,13.336239,2.44,A7IV,15.023,21.309,62.585
54,Sadr,244.963807,-342.603791,356.635523,2.2,F8Ib,551.882,20.371,40.257
55,Eltanin,-0.439563,-29.454083,37.01839,2.23,K5III,47.309,17.943,51.489
56,Schedar,37.945233,6.776159,58.317716,2.23,K0II,69.905,0.675,56.537
57,Naos,-130.258941,217.646831,-212.858951,2.25,O5I,331.129,8.06,-40.003
58,Algol,14.6752,15.759269,18.690265,2.12,B8V,28.514,3.136,40.956
59,Almach,68.990526,41.41273,73.295082,2.26,K3II,108.843,2.065,42.33
60,Denebola,-10.640816,0.507392,2.769316,2.14,A3V,11.007,11.818,14.572
61,Proxima Centauri,-0.473823,-0.362593,-1.154984,11.13,M5.5V,1.3,14.495,-62.68
62,Barnard's Star,-0.020025,-1.821106,0.149507,9.53,M4V,1.827,17.958,4.693
63,Wolf 359,-2.298121,0.663101,0.294067,13.53,M6V,2.41,10.927,7.009
64,Lalande 21185,-1.996224,0.496974,1.492802,7.47,M2V,2.542,11.068,35.967
65,Luyten 726-8,2.312445,1.066052,-0.824901,12.61,M5.5V,2.677,1.65,-17.95
66,Sirius B,-0.493967,2.476563,-0.758408,8.44,DA2,2.637,6.752,-16.716
67,Ross 154,0.583973,-2.65165,-1.198392,10.43,M3.5V,2.968,18.828,-23.815
68,Ross 248,2.262336,-0.182222,2.204609,12.29,M5.5V,3.164,23.693,44.167
69,Epsilon Eridani,1.904295,2.548768,-0.530019,3.73,K2V,3.225,3.549,-9.458
70,Lacaille 9352,2.595514,-0.621691,-1.92872,7.34,M1.5V,3.293,23.102,-35.854
71,Ross 128,-3.370438,0.181946,0.047309,11.13,M4V,3.376,11.794,0.803
72,EZ Aquarii,3.120172,-1.172485,-0.910796,13.03,M5V,3.455,22.627,-15.283
73,61 Cygni,1.98459,-1.868549,2.187855,5.21,K5V,3.495,21.115,38.752
74,Procyon B,-1.469069,3.175716,0.319978,10.7,DQZ,3.514,7.655,5.225
75,Struve 2398,0.340551,-1.752802,3.047465,8.9,M3V,3.532,18.733,59.633
76,Groombridge 34,2.572244,0.209217,2.456144,8.08,M1.5V,3.563,0.31,43.583
77,Epsilon Indi,1.734937,-0.965059,-3.031865,4.69,K5V,3.624,22.061,-56.783
78,Tau Ceti,3.149531,1.538852,-1.000978,3.5,G8.5V,3.645,1.736,-15.937
79,Luyten 789-6,3.381424,-1.247473,-1.000683,12.33,M5V,3.741,22.65,-15.517
80,TRAPPIST-1,12.075802,-2.8958,-1.095621,18.8,M8V,12.466,23.101,-5.042
81,Kepler-186,14.487321,-30.028628,32.12146,14.62,M1V,46.297,19.717,43.933
82,Kepler-452,41.371659,-84.843262,92.04009,13.43,G2V,131.838,19.733,44.277
83,HD 209458,11.908346,-6.640356,4.663923,7.65,G0V,14.41,22.057,18.884
84,55 Cancri,-7.18617,8.413925,5.965387,5.95,G8V,12.571,8.7,28.33
85,Gliese 876,4.353978,-1.30957,-1.154704,10.17,M4V,4.691,22.884,-14.25
86,Kepler-22,12.87713,-36.884777,43.211612,11.66,G5V,58.254,19.283,47.883
87,WASP-12,-14.965674,112.762959,64.809187,11.69,G0V,130.919,6.504,29.672
88,HD 189733,2.812708,-4.842432,2.343697,7.67,K2V,6.071,20.01,22.71
89,Kepler-62,17.843881,-77.25958,80.26814,13.75,K2V,112.829,18.867,45.35
