name,star,planet,x,y,z,orbit_au,period_days,radius_earth,mass_earth,type
Mercury,Sol,,3.8e-06,-1.44e-06,-9e-08,0.387,87.97,0.383,0.055,terrestrial
Venus,Sol,,4.45e-06,3.46e-06,-1e-07,0.723,224.7,0.949,0.815,terrestrial
Earth,Sol,,4.59e-06,-4.83e-06,9e-08,1.0,365.26,1.0,1.0,terrestrial
Mars,Sol,,1.075e-05,-4.63e-06,-3.1e-07,1.524,687.0,0.532,0.107,terrestrial
Jupiter,Sol,,-1.723e-05,1.187e-05,-1.19e-06,5.203,4331,11.21,317.8,gas_giant
Saturn,Sol,,1.405e-05,4.534e-05,2e-08,9.537,10747,9.45,95.2,gas_giant
Uranus,Sol,,9.671e-05,1.543e-05,-2.8e-06,19.191,30589,4.01,14.5,ice_giant
Neptune,Sol,,-8.077e-05,-0.00011787,6.6e-07,30.069,59800,3.88,17.1,ice_giant
Proxima Centauri b,Proxima Centauri,,-0.47382296,-0.36259277,-1.154984,0.0485,11.186,1.07,1.27,terrestrial
Proxima Centauri d,Proxima Centauri,,-0.47382295,-0.36259313,-1.15498401,0.029,5.122,0.81,0.26,terrestrial
Epsilon Eridani b,Epsilon Eridani,,1.90430065,2.54875257,-0.53001867,3.39,2502,11.0,254,gas_giant
Tau Ceti e,Tau Ceti,,3.1495296,1.5388542,-1.00097809,0.538,168,1.83,3.93,super_earth
Tau Ceti f,Tau Ceti,,3.14953437,1.53885107,-1.00097806,0.721,290,1.93,3.93,super_earth
Tau Ceti g,Tau Ceti,,3.14953569,1.53885509,-1.00097823,1.16,636,1.97,3.93,super_earth
Tau Ceti h,Tau Ceti,,3.14953474,1.53884669,-1.00097793,1.34,736,2.0,3.93,super_earth
61 Cygni b,61 Cygni,,1.98459286,-1.86855662,2.18785519,1.68,730,8.5,175,gas_giant
Epsilon Indi Ab,Epsilon Indi,,1.73492709,-0.96506129,-3.03186452,2.1,1500,10.2,190,gas_giant
Barnard's Star b,Barnard's Star,,-0.02002642,-1.82110465,0.14950701,0.404,233,1.4,3.2,super_earth
Lalande 21185 b,Lalande 21185,,-1.9962189,0.49696463,1.49280213,2.2,1560,9.8,180,gas_giant
Fomalhaut b,Fomalhaut,,6.45199296,-1.79993374,-3.80833169,115,320000,16,600,gas_giant
Pollux b,Pollux,,-4.05434124,8.19431938,4.86645764,1.64,589.64,10.8,854,gas_giant
TRAPPIST-1 b,TRAPPIST-1,,12.07580201,-2.89579994,-1.095621,0.01154,1.51,1.116,1.017,terrestrial
TRAPPIST-1 c,TRAPPIST-1,,12.07580207,-2.89579996,-1.095621,0.0158,2.42,1.097,1.156,terrestrial
TRAPPIST-1 d,TRAPPIST-1,,12.07580209,-2.89579994,-1.095621,0.02227,4.05,0.788,0.297,terrestrial
TRAPPIST-1 e,TRAPPIST-1,,12.07580191,-2.89580011,-1.095621,0.02925,6.1,0.92,0.772,terrestrial
TRAPPIST-1 f,TRAPPIST-1,,12.07580187,-2.89579986,-1.09562101,0.03849,9.21,1.045,0.934,terrestrial
TRAPPIST-1 g,TRAPPIST-1,,12.07580198,-2.89579977,-1.09562099,0.04683,12.35,1.129,1.148,terrestrial
TRAPPIST-1 h,TRAPPIST-1,,12.07580182,-2.89580024,-1.095621,0.06189,18.77,0.755,0.331,terrestrial
Kepler-186 b,Kepler-186,,14.48732108,-30.02862785,32.12146,0.0343,3.89,1.07,1.24,terrestrial
Kepler-186 c,Kepler-186,,14.48732111,-30.02862781,32.12146,0.0451,7.27,1.25,1.76,terrestrial
Kepler-186 d,Kepler-186,,14.48732138,-30.02862802,32.12146001,0.0781,13.34,1.4,2.15,super_earth
Kepler-186 e,Kepler-186,,14.4873205,-30.02862819,32.12146001,0.11,22.41,1.27,1.84,terrestrial
Kepler-186 f,Kepler-186,,14.48732215,-30.02862975,32.12146006,0.432,129.9,1.11,1.44,terrestrial
Kepler-452 b,Kepler-452,,41.37165966,-84.84325698,92.04008976,1.046,384.8,1.63,5.0,super_earth
HD 209458 b,HD 209458,,11.90834591,-6.64035579,4.66392299,0.04707,3.525,15.3,220,gas_giant
55 Cancri b,55 Cancri,,-7.18616986,8.41392554,5.96538702,0.115,14.65,12.9,265,gas_giant
55 Cancri c,55 Cancri,,-7.18616917,8.41392418,5.96538698,0.24,44.34,11.2,54,gas_giant
55 Cancri d,55 Cancri,,-7.18618566,8.41390182,5.96538671,5.77,5218,12.1,1180,gas_giant
55 Cancri e,55 Cancri,,-7.18616994,8.41392496,5.965387,0.01544,0.736,2.0,8.63,super_earth
55 Cancri f,55 Cancri,,-7.18617035,8.41392877,5.9653869,0.781,260,10.3,46,gas_giant
Gliese 876 b,Gliese 876,,4.35397707,-1.30957038,-1.15470402,0.208,61.1,11.8,617,gas_giant
Gliese 876 c,Gliese 876,,4.35397746,-1.30957032,-1.15470397,0.13,30.1,10.9,219,gas_giant
Gliese 876 d,Gliese 876,,4.35397792,-1.30956994,-1.154704,0.0208,1.938,2.01,6.83,super_earth
Gliese 876 e,Gliese 876,,4.35397962,-1.30957003,-1.154704,0.3343,124.3,9.7,41,gas_giant
Kepler-22 b,Kepler-22,,12.87713346,-36.88477478,43.21161181,0.849,289.9,2.38,9.1,super_earth
WASP-12 b,WASP-12,,-14.96567391,112.76295907,64.809187,0.0229,1.091,19.4,446,gas_giant
HD 189733 b,HD 189733,,2.81270804,-4.84243215,2.343697,0.03142,2.219,12.4,368,gas_giant
Kepler-62 b,Kepler-62,,17.84388125,-77.2595799,80.26814,0.0553,5.715,1.31,2.1,terrestrial
Kepler-62 c,Kepler-62,,17.84388145,-77.25958001,80.26814,0.0929,12.44,0.54,0.1,terrestrial
Kepler-62 d,Kepler-62,,17.84388157,-77.25958011,80.26814002,0.12,18.16,1.95,5.5,super_earth
Kepler-62 e,Kepler-62,,17.84388306,-77.25957985,80.26814005,0.427,122.4,1.61,4.5,super_earth
Kepler-62 f,Kepler-62,,17.84387955,-77.25958317,80.26814001,0.718,267.3,1.41,2.8,super_earth
Io,Sol,Jupiter,-1.722e-05,1.187e-05,-1.19e-06,0.00281889,0,0.286,0.015,moon
Europa,Sol,Jupiter,-1.722e-05,1.189e-05,-1.19e-06,0.00448559,0,0.245,0.008,moon
Ganymede,Sol,Jupiter,-1.725e-05,1.184e-05,-1.19e-06,0.00715526,0,0.413,0.025,moon
Callisto,Sol,Jupiter,-1.729e-05,1.189e-05,-1.19e-06,0.01258513,0,0.378,0.018,moon
Titan,Sol,Saturn,1.409e-05,4.534e-05,2e-08,0.0081677,0,0.404,0.0225,moon
Rhea,Sol,Saturn,1.404e-05,4.535e-05,2e-08,0.0035235,0,0.12,0.00039,moon
Iapetus,Sol,Saturn,1.394e-05,4.531e-05,3e-08,0.02380261,0,0.115,0.0003,moon
Moon,Sol,Earth,4.58e-06,-4.82e-06,9e-08,0.00256956,0,0.273,0.0123,moon
Phobos,Sol,Mars,1.075e-05,-4.63e-06,-3.1e-07,6.267e-05,0,0.0018,2e-09,moon
Deimos,Sol,Mars,1.075e-05,-4.63e-06,-3.1e-07,0.00015684,0,0.001,3e-10,moon
